﻿<?xml version="1.0" encoding="utf-8"?>
<deployment>
  <id>2d60b427f6b9459cb0a8d0b15680eb0d</id>
  <author>N/A</author>
  <deployer>OneDeploy</deployer>
  <authorEmail>N/A</authorEmail>
  <message>OneDeploy</message>
  <progress></progress>
  <status>Success</status>
  <statusText></statusText>
  <lastSuccessEndTime>2025-09-13T18:44:17.2237082Z</lastSuccessEndTime>
  <receivedTime>2025-09-13T18:44:11.2324258Z</receivedTime>
  <startTime>2025-09-13T18:44:11.7157961Z</startTime>
  <endTime>2025-09-13T18:44:17.2237082Z</endTime>
  <complete>True</complete>
  <is_temp>False</is_temp>
  <is_readonly>True</is_readonly>
  <project_type>OneDeploy</project_type>
  <vsproject_id></vsproject_id>
</deployment>