<step title="BackgroundTrace" date="2025-09-13T17:43:29.512" instance="8deff5" url="/api/zipdeploy" method="POST" >
  <step title="Cleanup Xml Logs" date="2025-09-13T17:43:29.528" /><!-- duration: 0ms -->
  <step title="Updating shutdown sentinel last write time" date="2025-09-13T17:43:29.653" SemaphoreCount="7" /><!-- duration: 0ms -->
  <step title="LockFile &apos;C:\home\site\locks\deployments.lock&apos; acquired" date="2025-09-13T17:43:29.669" /><!-- duration: 0ms -->
  <step title="Creating temporary deployment" date="2025-09-13T17:43:29.684" /><!-- duration: 109ms -->
  <step title="Performing fetch based deployment" date="2025-09-13T17:43:29.825" >
    <step title="Fetching changes." date="2025-09-13T17:43:30.090" /><!-- duration: 16ms -->
    <step title="Starting LocalZipHandler" date="2025-09-13T17:43:30.122" /><!-- duration: 17ms -->
    <step title="Cleaning up temp folders from previous zip deployments and extracting pushed zip file C:\local\Temp\zipdeploy\z0zwyjut.zip (88.40 MB) to C:\local\Temp\zipdeploy\extracted" date="2025-09-13T17:43:30.184" /><!-- duration: 16ms -->
    <step title="Cleaning up temp folders from previous zip deployments and extracting pushed zip file C:\local\Temp\zipdeploy\z0zwyjut.zip (88.40 MB) to C:\local\Temp\zipdeploy\extracted" date="2025-09-13T17:43:30.215" >
      <step title="Extracting 755 entries to C:\local\Temp\zipdeploy\extracted directory" date="2025-09-13T17:43:30.312" >
        <step title="Extracting to C:\local\Temp\zipdeploy\extracted\Microsoft.Identity.Web.TokenCache.dll ..." date="2025-09-13T17:43:30.356" /><!-- duration: 16ms -->
        <step title="Extracting to C:\local\Temp\zipdeploy\extracted\SchoolHallBooking.pdb ..." date="2025-09-13T17:43:30.393" /><!-- duration: 30ms -->
        <step title="Extracting to C:\local\Temp\zipdeploy\extracted\Microsoft.EntityFrameworkCore.Sqlite.dll ..." date="2025-09-13T17:43:30.434" /><!-- duration: 49ms -->
        <step title="Extracting to C:\local\Temp\zipdeploy\extracted\Microsoft.Win32.SystemEvents.dll ..." date="2025-09-13T17:43:30.513" /><!-- duration: 20ms -->
        <step title="Extracting to C:\local\Temp\zipdeploy\extracted\Microsoft.IdentityModel.Logging.dll ..." date="2025-09-13T17:43:30.544" /><!-- duration: 20ms -->
        <step title="Omitting extracting file traces ..." date="2025-09-13T17:43:30.575" /><!-- duration: 0ms -->
      </step><!-- duration: 11153ms -->
    </step><!-- duration: 11271ms -->
    <step title="Before sending BuildRequestReceived status to /api/updatedeploystatus" date="2025-09-13T17:43:41.497" /><!-- duration: 0ms -->
    <step title="DeploymentManager.Deploy(id:0c5e26d1b9b749f8be1d248b2dc5bb11)" date="2025-09-13T17:43:41.512" >
      <step title="Collecting changeset information" date="2025-09-13T17:43:41.528" /><!-- duration: 94ms -->
      <step title="Updating submodules" date="2025-09-13T17:43:41.637" >
        <step title="Updating submodules." date="2025-09-13T17:43:41.731" /><!-- duration: 16ms -->
      </step><!-- duration: 109ms -->
      <step title="Preparing deployment for commit id &apos;0c5e26d1b9&apos;." date="2025-09-13T17:43:41.856" /><!-- duration: 0ms -->
      <step title="Determining deployment builder" date="2025-09-13T17:43:41.934" >
        <step title="Builder is BasicBuilder" date="2025-09-13T17:43:41.969" /><!-- duration: 12ms -->
      </step><!-- duration: 47ms -->
      <step title="Copying SSH keys" date="2025-09-13T17:43:42.028" /><!-- duration: 16ms -->
      <step title="Building" date="2025-09-13T17:43:42.044" >
        <step title="Generating deployment script." date="2025-09-13T17:43:42.142" /><!-- duration: 16ms -->
        <step title="Generating deployment script" date="2025-09-13T17:43:42.158" >
          <step title="Using the following command to generate deployment script: &apos;azure site deploymentscript -y --no-dot-deployment -r &quot;C:\local\Temp\zipdeploy\extracted&quot; -o &quot;C:\home\site\deployments\tools&quot; --basic --sitePath &quot;C:\local\Temp\zipdeploy\extracted&quot;&apos;." date="2025-09-13T17:43:42.267" /><!-- duration: 16ms -->
          <step title="Executing external process" date="2025-09-13T17:43:42.314" type="process" path="starter.cmd" arguments="&quot;C:\Program Files (x86)\SiteExtensions\Kudu\2025.06.2.6\bin\node_modules\.bin\kuduscript.cmd&quot; -y --no-dot-deployment -r &quot;C:\local\Temp\zipdeploy\extracted&quot; -o &quot;C:\home\site\deployments\tools&quot; --basic --sitePath &quot;C:\local\Temp\zipdeploy\extracted&quot;" >
            <step title="Generating deployment script for Web Site" date="2025-09-13T17:43:43.112" /><!-- duration: 0ms -->
          </step><!-- duration: 859ms -->
          <step title="Saved cached version of the deployment script for command -y --no-dot-deployment -r &quot;C:\local\Temp\zipdeploy\extracted&quot; -o &quot;C:\home\site\deployments\tools&quot; --basic --sitePath &quot;C:\local\Temp\zipdeploy\extracted&quot;" date="2025-09-13T17:43:43.189" /><!-- duration: 0ms -->
        </step><!-- duration: 1047ms -->
        <step title="Running deployment command..." date="2025-09-13T17:43:43.314" /><!-- duration: 16ms -->
        <step title="Command: &quot;C:\home\site\deployments\tools\deploy.cmd&quot;" date="2025-09-13T17:43:43.345" /><!-- duration: 0ms -->
        <step title="Executing external process" date="2025-09-13T17:43:43.396" type="process" path="starter.cmd" arguments="&quot;C:\home\site\deployments\tools\deploy.cmd&quot;" >
          <step title="Handling Basic Web Site deployment." date="2025-09-13T17:43:44.159" /><!-- duration: 14ms -->
          <step title="Creating app_offline.htm" date="2025-09-13T17:43:45.021" /><!-- duration: 30ms -->
          <step title="KuduSync.NET from: &apos;C:\local\Temp\zipdeploy\extracted&apos; to: &apos;C:\home\site\wwwroot&apos;" date="2025-09-13T17:43:45.081" /><!-- duration: 30ms -->
          <step title="Deleting file: &apos;hostingstart.html&apos;" date="2025-09-13T17:43:45.111" /><!-- duration: 15ms -->
          <step title="Copying file: &apos;appsettings.Development.json&apos;" date="2025-09-13T17:43:45.142" /><!-- duration: 16ms -->
          <step title="Copying file: &apos;appsettings.json&apos;" date="2025-09-13T17:43:45.173" /><!-- duration: 0ms -->
          <step title="Copying file: &apos;appsettings.Production.json&apos;" date="2025-09-13T17:43:45.222" /><!-- duration: 0ms -->
          <step title="Copying file: &apos;Azure.Core.dll&apos;" date="2025-09-13T17:43:45.252" /><!-- duration: 20ms -->
          <step title="Copying file: &apos;Azure.Identity.dll&apos;" date="2025-09-13T17:43:45.314" /><!-- duration: 0ms -->
          <step title="Copying file: &apos;Azure.Security.KeyVault.Certificates.dll&apos;" date="2025-09-13T17:43:45.345" /><!-- duration: 18ms -->
          <step title="Copying file: &apos;Azure.Security.KeyVault.Secrets.dll&apos;" date="2025-09-13T17:43:45.376" /><!-- duration: 0ms -->
          <step title="Copying file: &apos;Microsoft.AspNetCore.Authentication.JwtBearer.dll&apos;" date="2025-09-13T17:43:45.393" /><!-- duration: 14ms -->
          <step title="Copying file: &apos;Microsoft.AspNetCore.Authentication.OpenIdConnect.dll&apos;" date="2025-09-13T17:43:45.425" /><!-- duration: 0ms -->
          <step title="Copying file: &apos;Microsoft.Bcl.AsyncInterfaces.dll&apos;" date="2025-09-13T17:43:45.476" /><!-- duration: 340ms -->
          <step title="Copying file: &apos;Microsoft.Data.SqlClient.dll&apos;" date="2025-09-13T17:43:46.142" /><!-- duration: 0ms -->
          <step title="Copying file: &apos;Microsoft.Data.Sqlite.dll&apos;" date="2025-09-13T17:43:46.173" /><!-- duration: 19ms -->
          <step title="Copying file: &apos;Microsoft.EntityFrameworkCore.Abstractions.dll&apos;" date="2025-09-13T17:43:46.204" /><!-- duration: 18ms -->
          <step title="Copying file: &apos;Microsoft.EntityFrameworkCore.dll&apos;" date="2025-09-13T17:43:46.236" /><!-- duration: 0ms -->
          <step title="Copying file: &apos;Microsoft.EntityFrameworkCore.Relational.dll&apos;" date="2025-09-13T17:43:46.267" /><!-- duration: 0ms -->
          <step title="Copying file: &apos;Microsoft.EntityFrameworkCore.Sqlite.dll&apos;" date="2025-09-13T17:43:46.283" /><!-- duration: 16ms -->
          <step title="Copying file: &apos;Microsoft.EntityFrameworkCore.SqlServer.dll&apos;" date="2025-09-13T17:43:46.314" /><!-- duration: 16ms -->
          <step title="Copying file: &apos;Microsoft.Extensions.Caching.Abstractions.dll&apos;" date="2025-09-13T17:43:46.345" /><!-- duration: 16ms -->
          <step title="Copying file: &apos;Microsoft.Extensions.Caching.Memory.dll&apos;" date="2025-09-13T17:43:46.361" /><!-- duration: 33ms -->
          <step title="Copying file: &apos;Microsoft.Extensions.Configuration.Abstractions.dll&apos;" date="2025-09-13T17:43:46.424" /><!-- duration: 0ms -->
          <step title="Copying file: &apos;Microsoft.Extensions.DependencyInjection.Abstractions.dll&apos;" date="2025-09-13T17:43:46.439" /><!-- duration: 16ms -->
          <step title="Copying file: &apos;Microsoft.Extensions.DependencyInjection.dll&apos;" date="2025-09-13T17:43:46.474" /><!-- duration: 12ms -->
          <step title="Copying file: &apos;Microsoft.Extensions.DependencyModel.dll&apos;" date="2025-09-13T17:43:46.486" /><!-- duration: 63ms -->
          <step title="Copying file: &apos;Microsoft.Extensions.Logging.Abstractions.dll&apos;" date="2025-09-13T17:43:46.564" /><!-- duration: 0ms -->
          <step title="Copying file: &apos;Microsoft.Extensions.Logging.dll&apos;" date="2025-09-13T17:43:46.595" /><!-- duration: 0ms -->
          <step title="Copying file: &apos;Microsoft.Extensions.Options.dll&apos;" date="2025-09-13T17:43:46.626" /><!-- duration: 19ms -->
          <step title="Copying file: &apos;Microsoft.Extensions.Primitives.dll&apos;" date="2025-09-13T17:43:46.658" /><!-- duration: 16ms -->
          <step title="Copying file: &apos;Microsoft.Graph.Core.dll&apos;" date="2025-09-13T17:43:46.689" /><!-- duration: 0ms -->
          <step title="Copying file: &apos;Microsoft.Graph.dll&apos;" date="2025-09-13T17:43:46.738" /><!-- duration: 0ms -->
          <step title="Copying file: &apos;Microsoft.Identity.Abstractions.dll&apos;" date="2025-09-13T17:43:46.751" /><!-- duration: 16ms -->
          <step title="Copying file: &apos;Microsoft.Identity.Client.dll&apos;" date="2025-09-13T17:43:46.767" /><!-- duration: 16ms -->
          <step title="Copying file: &apos;Microsoft.Identity.Client.Extensions.Msal.dll&apos;" date="2025-09-13T17:43:46.800" /><!-- duration: 14ms -->
          <step title="Copying file: &apos;Microsoft.Identity.Web.Certificate.dll&apos;" date="2025-09-13T17:43:46.829" /><!-- duration: 0ms -->
          <step title="Copying file: &apos;Microsoft.Identity.Web.Certificateless.dll&apos;" date="2025-09-13T17:43:46.861" /><!-- duration: 15ms -->
          <step title="Copying file: &apos;Microsoft.Identity.Web.Diagnostics.dll&apos;" date="2025-09-13T17:43:46.908" /><!-- duration: 0ms -->
          <step title="Copying file: &apos;Microsoft.Identity.Web.dll&apos;" date="2025-09-13T17:43:46.923" /><!-- duration: 16ms -->
          <step title="Copying file: &apos;Microsoft.Identity.Web.TokenAcquisition.dll&apos;" date="2025-09-13T17:43:46.954" /><!-- duration: 17ms -->
          <step title="Copying file: &apos;Microsoft.Identity.Web.TokenCache.dll&apos;" date="2025-09-13T17:43:47.002" /><!-- duration: 20ms -->
          <step title="Copying file: &apos;Microsoft.IdentityModel.Abstractions.dll&apos;" date="2025-09-13T17:43:47.033" /><!-- duration: 16ms -->
          <step title="Copying file: &apos;Microsoft.IdentityModel.JsonWebTokens.dll&apos;" date="2025-09-13T17:43:47.064" /><!-- duration: 21ms -->
          <step title="Copying file: &apos;Microsoft.IdentityModel.Logging.dll&apos;" date="2025-09-13T17:43:47.095" /><!-- duration: 16ms -->
          <step title="Copying file: &apos;Microsoft.IdentityModel.LoggingExtensions.dll&apos;" date="2025-09-13T17:43:47.126" /><!-- duration: 0ms -->
          <step title="Copying file: &apos;Microsoft.IdentityModel.Protocols.dll&apos;" date="2025-09-13T17:43:47.158" /><!-- duration: 16ms -->
          <step title="Copying file: &apos;Microsoft.IdentityModel.Protocols.OpenIdConnect.dll&apos;" date="2025-09-13T17:43:47.189" /><!-- duration: 16ms -->
          <step title="Copying file: &apos;Microsoft.IdentityModel.Tokens.dll&apos;" date="2025-09-13T17:43:47.220" /><!-- duration: 16ms -->
          <step title="Copying file: &apos;Microsoft.IdentityModel.Validators.dll&apos;" date="2025-09-13T17:43:47.251" /><!-- duration: 16ms -->
          <step title="Copying file: &apos;Microsoft.Kiota.Abstractions.dll&apos;" date="2025-09-13T17:43:47.283" /><!-- duration: 0ms -->
          <step title="Omitting next output lines..." date="2025-09-13T17:43:47.317" /><!-- duration: 0ms -->
          <step title="Finished successfully." date="2025-09-13T17:44:04.398" /><!-- duration: 17ms -->
        </step><!-- duration: 21033ms -->
        <step title="Running post deployment command(s)..." date="2025-09-13T17:44:04.508" /><!-- duration: 0ms -->
        <step title="Triggering recycle (preview mode disabled)." date="2025-09-13T17:44:04.632" /><!-- duration: 0ms -->
        <step title="Ignoring FS watcher based recycle request as this is a classic Windows app." date="2025-09-13T17:44:04.648" /><!-- duration: 0ms -->
        <step title="Deployment successful. DEPLOYMENTINFO: deploymentPath = ZipDeploy. Extract zip. , deployer = ZipDeploy, os = windows, sku = Basic, siteName = school-booking-app, siteHostName = school-booking-app-aua0g5dye9faevev.canadacentral-01.azurewebsites.net, deploymentStatus = Success" date="2025-09-13T17:44:04.788" /><!-- duration: 0ms -->
      </step><!-- duration: 22948ms -->
    </step><!-- duration: 23510ms -->
    <step title="Cleaning up temp files" date="2025-09-13T17:44:05.023" /><!-- duration: 16ms -->
    <step title="Skip function trigger and logicapp sync because function is not enabled." date="2025-09-13T17:44:05.054" /><!-- duration: 17ms -->
  </step><!-- duration: 35307ms -->
  <step title="LockFile &apos;C:\home\site\locks\deployments.lock&apos; released" date="2025-09-13T17:44:05.148" /><!-- duration: 0ms -->
  <step title="Deleting shutdown sentinel file" date="2025-09-13T17:44:05.163" SemaphoreCount="8" /><!-- duration: 16ms -->
</step><!-- duration: 35667ms -->
