<step title="Incoming Request" date="2025-09-13T18:43:35.274" instance="8deff5" url="/api/publish?type=zip" method="POST" type="request" pid="5784,2,8" Cache-Control="no-cache" Content-Length="92962387" Content-Type="application/octet-stream" Accept="*/*" Accept-Encoding="gzip, deflate" Authorization="Bea..." Host="school-booking-app-aua0g5dye9faevev.scm.canadacentral-01.azurewebsites.net" User-Agent="AZURECLI/2.77.0 (HOMEBREW)" x-ms-client-request-id="8616c92c-90d1-11f0-8447-1e6d1fe6f485" X-ARR-LOG-ID="8616c92c-90d1-11f0-8447-1e6d1fe6f485" CLIENT-IP="37.200.248.95:53357" X-SITE-DEPLOYMENT-ID="school-booking-app" WAS-DEFAULT-HOSTNAME="school-booking-app-aua0g5dye9faevev.scm.canadacentral-01.azurewebsites.net" X-Forwarded-Proto="https" X-AppService-Proto="https" X-Forwarded-TlsVersion="1.3" X-WAWS-Unencoded-URL="/api/publish?type=zip" >
  <step title="OneDeploy" date="2025-09-13T18:43:36.396" >
    <step title="Starting PushDeployAsync" date="2025-09-13T18:43:36.676" /><!-- duration: 49ms -->
    <step title="Updating shutdown sentinel last write time" date="2025-09-13T18:43:37.055" SemaphoreCount="7" /><!-- duration: 30ms -->
    <step title="LockFile &apos;C:\home\site\locks\deployments.lock&apos; acquired" date="2025-09-13T18:43:37.098" /><!-- duration: 17ms -->
    <step title="Saving request content to C:\local\Temp\zipdeploy\t44c05r4.zip" date="2025-09-13T18:43:37.134" >
      <step title="Total 92,962,387 bytes written to C:\local\Temp\zipdeploy\t44c05r4.zip" date="2025-09-13T18:43:56.761" /><!-- duration: 16ms -->
    </step><!-- duration: 19643ms -->
    <step title="LockFile &apos;C:\home\site\locks\deployments.lock&apos; released" date="2025-09-13T18:43:56.793" /><!-- duration: 31ms -->
    <step title="Deleting shutdown sentinel file" date="2025-09-13T18:43:56.855" SemaphoreCount="8" /><!-- duration: 0ms -->
    <step title="Starting FetchDeploy" date="2025-09-13T18:43:56.886" /><!-- duration: 0ms -->
    <step title="Attempting to fetch target branch HEAD" date="2025-09-13T18:43:56.902" /><!-- duration: 0ms -->
    <step title="Updating shutdown sentinel last write time" date="2025-09-13T18:43:57.027" SemaphoreCount="7" /><!-- duration: 0ms -->
    <step title="LockFile &apos;C:\home\site\locks\deployments.lock&apos; acquired" date="2025-09-13T18:43:57.043" /><!-- duration: 31ms -->
    <step title="Performing fetch based deployment" date="2025-09-13T18:43:57.105" >
      <step title="Creating temporary deployment" date="2025-09-13T18:43:57.105" /><!-- duration: 78ms -->
      <step title="Fetching changes." date="2025-09-13T18:43:57.386" /><!-- duration: 16ms -->
      <step title="Starting LocalZipHandler" date="2025-09-13T18:43:57.418" /><!-- duration: 16ms -->
      <step title="Starting LocalZipFetch" date="2025-09-13T18:43:57.449" /><!-- duration: 16ms -->
      <step title="Cleaning up temp folders from previous zip deployments and extracting pushed zip file C:\local\Temp\zipdeploy\t44c05r4.zip (88.66 MB) to C:\local\Temp\zipdeploy\extracted" date="2025-09-13T18:43:57.480" /><!-- duration: 0ms -->
      <step title="Cleaning up temp folders from previous zip deployments and extracting pushed zip file C:\local\Temp\zipdeploy\t44c05r4.zip (88.66 MB) to C:\local\Temp\zipdeploy\extracted" date="2025-09-13T18:43:57.496" >
        <step title="Renaming extractTargetDirectory(C:\local\Temp\zipdeploy\extracted) to tempDirectory(C:\local\Temp\zipdeploy\mfbt1ke1.g2s)" date="2025-09-13T18:43:57.511" /><!-- duration: 0ms -->
        <step title="Extracting 797 entries to C:\local\Temp\zipdeploy\extracted directory" date="2025-09-13T18:43:57.590" >
          <step title="Extracting to C:\local\Temp\zipdeploy\extracted\Microsoft.Identity.Web.TokenCache.dll ..." date="2025-09-13T18:43:57.621" /><!-- duration: 79ms -->
          <step title="Extracting to C:\local\Temp\zipdeploy\extracted\SchoolHallBooking.pdb ..." date="2025-09-13T18:43:57.730" /><!-- duration: 141ms -->
          <step title="Extracting to C:\local\Temp\zipdeploy\extracted\Microsoft.EntityFrameworkCore.Sqlite.dll ..." date="2025-09-13T18:43:58.094" /><!-- duration: 120ms -->
          <step title="Extracting to C:\local\Temp\zipdeploy\extracted\Microsoft.Win32.SystemEvents.dll ..." date="2025-09-13T18:43:58.264" /><!-- duration: 154ms -->
          <step title="Extracting to C:\local\Temp\zipdeploy\extracted\Microsoft.IdentityModel.Logging.dll ..." date="2025-09-13T18:43:58.593" /><!-- duration: 30ms -->
          <step title="Omitting extracting file traces ..." date="2025-09-13T18:43:58.623" /><!-- duration: 13ms -->
        </step><!-- duration: 13270ms -->
      </step><!-- duration: 13376ms -->
      <step title="None repository commit" date="2025-09-13T18:44:10.887" >
        <step title="Commit id: 2d60b427f6b9459cb0a8d0b15680eb0d" date="2025-09-13T18:44:10.887" Message="OneDeploy" AuthorName="N/A" AuthorEmail="N/A" /><!-- duration: 15ms -->
      </step><!-- duration: 15ms -->
      <step title="Before sending BuildRequestReceived status to /api/updatedeploystatus" date="2025-09-13T18:44:10.918" /><!-- duration: 0ms -->
      <step title="DeploymentManager.Deploy(id:2d60b427f6b9459cb0a8d0b15680eb0d)" date="2025-09-13T18:44:10.953" >
        <step title="Collecting changeset information" date="2025-09-13T18:44:10.981" /><!-- duration: 328ms -->
        <step title="Updating submodules" date="2025-09-13T18:44:11.343" >
          <step title="Updating submodules." date="2025-09-13T18:44:11.465" /><!-- duration: 0ms -->
        </step><!-- duration: 154ms -->
        <step title="Preparing deployment for commit id &apos;2d60b427f6&apos;." date="2025-09-13T18:44:11.637" /><!-- duration: 0ms -->
        <step title="Determining deployment builder" date="2025-09-13T18:44:11.778" >
          <step title="Builder is OneDeployBuilder" date="2025-09-13T18:44:11.793" /><!-- duration: 31ms -->
        </step><!-- duration: 46ms -->
        <step title="Copying SSH keys" date="2025-09-13T18:44:11.856" /><!-- duration: 31ms -->
        <step title="Building" date="2025-09-13T18:44:11.887" >
          <step title="Running build. Project type: OneDeploy" date="2025-09-13T18:44:11.985" /><!-- duration: 16ms -->
          <step title="Copying the manifest" date="2025-09-13T18:44:12.141" /><!-- duration: 0ms -->
          <step title="Clean deploying to C:\home\site\wwwroot" date="2025-09-13T18:44:12.282" /><!-- duration: 0ms -->
          <step title="Generating deployment script." date="2025-09-13T18:44:12.407" /><!-- duration: 16ms -->
          <step title="Generating deployment script" date="2025-09-13T18:44:12.438" >
            <step title="Using cached version of the deployment script for command: -y --no-dot-deployment -r &quot;C:\local\Temp\zipdeploy\extracted&quot; -o &quot;C:\home\site\deployments\tools&quot; --basic --sitePath &quot;C:\local\Temp\zipdeploy\extracted&quot;" date="2025-09-13T18:44:12.532" /><!-- duration: 16ms -->
            <step title="Using cached version of deployment script (command: &apos;azure -y --no-dot-deployment -r &quot;C:\local\Temp\zipdeploy\extracted&quot; -o &quot;C:\home\site\deployments\tools&quot; --basic --sitePath &quot;C:\local\Temp\zipdeploy\extracted&quot;&apos;)." date="2025-09-13T18:44:12.594" /><!-- duration: 0ms -->
          </step><!-- duration: 188ms -->
          <step title="Running deployment command..." date="2025-09-13T18:44:12.688" /><!-- duration: 16ms -->
          <step title="Command: &quot;C:\home\site\deployments\tools\deploy.cmd&quot;" date="2025-09-13T18:44:12.766" /><!-- duration: 16ms -->
          <step title="Executing external process" date="2025-09-13T18:44:12.829" type="process" path="starter.cmd" arguments="&quot;C:\home\site\deployments\tools\deploy.cmd&quot;" >
            <step title="Handling Basic Web Site deployment." date="2025-09-13T18:44:13.454" /><!-- duration: 31ms -->
            <step title="Creating app_offline.htm" date="2025-09-13T18:44:14.222" /><!-- duration: 14ms -->
            <step title="KuduSync.NET from: &apos;C:\local\Temp\zipdeploy\extracted&apos; to: &apos;C:\home\site\wwwroot&apos;" date="2025-09-13T18:44:14.252" /><!-- duration: 15ms -->
            <step title="Copying file: &apos;publish-azure\appsettings.Development.json&apos;" date="2025-09-13T18:44:14.298" /><!-- duration: 0ms -->
            <step title="Copying file: &apos;publish-azure\appsettings.json&apos;" date="2025-09-13T18:44:14.313" /><!-- duration: 16ms -->
            <step title="Copying file: &apos;publish-azure\appsettings.Production.json&apos;" date="2025-09-13T18:44:14.362" /><!-- duration: 13ms -->
            <step title="Copying file: &apos;publish-azure\railway.json&apos;" date="2025-09-13T18:44:14.407" /><!-- duration: 16ms -->
            <step title="Copying file: &apos;publish-azure\SchoolHallBooking.deps.json&apos;" date="2025-09-13T18:44:14.470" /><!-- duration: 0ms -->
            <step title="Copying file: &apos;publish-azure\SchoolHallBooking.runtimeconfig.json&apos;" date="2025-09-13T18:44:14.501" /><!-- duration: 31ms -->
            <step title="Copying file: &apos;publish-azure\SchoolHallBooking.staticwebassets.endpoints.json&apos;" date="2025-09-13T18:44:14.579" /><!-- duration: 31ms -->
            <step title="Copying file: &apos;publish-azure\vercel.json&apos;" date="2025-09-13T18:44:14.658" /><!-- duration: 14ms -->
            <step title="Copying file: &apos;publish-azure\publish\appsettings.Development.json&apos;" date="2025-09-13T18:44:14.704" /><!-- duration: 0ms -->
            <step title="Copying file: &apos;publish-azure\publish\appsettings.json&apos;" date="2025-09-13T18:44:14.766" /><!-- duration: 0ms -->
            <step title="Copying file: &apos;publish-azure\publish\appsettings.Production.json&apos;" date="2025-09-13T18:44:14.798" /><!-- duration: 0ms -->
            <step title="Copying file: &apos;publish-azure\publish\railway.json&apos;" date="2025-09-13T18:44:14.829" /><!-- duration: 0ms -->
            <step title="Copying file: &apos;publish-azure\publish\SchoolHallBooking.deps.json&apos;" date="2025-09-13T18:44:14.860" /><!-- duration: 16ms -->
            <step title="Copying file: &apos;publish-azure\publish\SchoolHallBooking.runtimeconfig.json&apos;" date="2025-09-13T18:44:14.907" /><!-- duration: 16ms -->
            <step title="Copying file: &apos;publish-azure\publish\SchoolHallBooking.staticwebassets.endpoints.json&apos;" date="2025-09-13T18:44:14.938" /><!-- duration: 16ms -->
            <step title="Copying file: &apos;publish-azure\publish\vercel.json&apos;" date="2025-09-13T18:44:14.985" /><!-- duration: 48ms -->
            <step title="Copying file: &apos;publish-azure\publish\publish\appsettings.Development.json&apos;" date="2025-09-13T18:44:15.064" /><!-- duration: 15ms -->
            <step title="Copying file: &apos;publish-azure\publish\publish\appsettings.json&apos;" date="2025-09-13T18:44:15.110" /><!-- duration: 0ms -->
            <step title="Copying file: &apos;publish-azure\publish\publish\appsettings.Production.json&apos;" date="2025-09-13T18:44:15.141" /><!-- duration: 16ms -->
            <step title="Copying file: &apos;publish-azure\publish\publish\railway.json&apos;" date="2025-09-13T18:44:15.173" /><!-- duration: 82ms -->
            <step title="Copying file: &apos;publish-azure\publish\publish\SchoolHallBooking.deps.json&apos;" date="2025-09-13T18:44:15.282" /><!-- duration: 16ms -->
            <step title="Copying file: &apos;publish-azure\publish\publish\SchoolHallBooking.runtimeconfig.json&apos;" date="2025-09-13T18:44:15.313" /><!-- duration: 16ms -->
            <step title="Copying file: &apos;publish-azure\publish\publish\SchoolHallBooking.staticwebassets.endpoints.json&apos;" date="2025-09-13T18:44:15.345" /><!-- duration: 16ms -->
            <step title="Copying file: &apos;publish-azure\publish\publish\vercel.json&apos;" date="2025-09-13T18:44:15.376" /><!-- duration: 16ms -->
            <step title="Copying file: &apos;publish-azure\publish\publish\publish\appsettings.Development.json&apos;" date="2025-09-13T18:44:15.407" /><!-- duration: 15ms -->
            <step title="Copying file: &apos;publish-azure\publish\publish\wwwroot\appsettings.Development.json&apos;" date="2025-09-13T18:44:15.485" /><!-- duration: 16ms -->
            <step title="Copying file: &apos;publish-azure\publish\publish\wwwroot\publish\appsettings.Development.json&apos;" date="2025-09-13T18:44:15.532" /><!-- duration: 0ms -->
            <step title="Copying file: &apos;publish-azure\publish\wwwroot\appsettings.Development.json&apos;" date="2025-09-13T18:44:15.563" /><!-- duration: 0ms -->
            <step title="Copying file: &apos;publish-azure\publish\wwwroot\publish\appsettings.Development.json&apos;" date="2025-09-13T18:44:15.579" /><!-- duration: 48ms -->
            <step title="Copying file: &apos;publish-azure\wwwroot\appsettings.Development.json&apos;" date="2025-09-13T18:44:15.641" /><!-- duration: 16ms -->
            <step title="Copying file: &apos;publish-azure\wwwroot\publish\appsettings.Development.json&apos;" date="2025-09-13T18:44:15.673" /><!-- duration: 16ms -->
            <step title="Copying file: &apos;publish-azure\web.config&apos;" date="2025-09-13T18:44:15.720" /><!-- duration: 0ms -->
            <step title="Deleting app_offline.htm" date="2025-09-13T18:44:15.751" /><!-- duration: 16ms -->
            <step title="Finished successfully." date="2025-09-13T18:44:15.782" /><!-- duration: 16ms -->
          </step><!-- duration: 2985ms -->
          <step title="Build completed succesfully." date="2025-09-13T18:44:15.891" /><!-- duration: 16ms -->
          <step title="Running post deployment command(s)..." date="2025-09-13T18:44:16.001" /><!-- duration: 16ms -->
          <step title="Requesting site restart" date="2025-09-13T18:44:16.188" /><!-- duration: 0ms -->
          <step title="Requesting site restart" date="2025-09-13T18:44:16.282" /><!-- duration: 16ms -->
          <step title="Requesting site restart. Attempt #1" date="2025-09-13T18:44:16.392" /><!-- duration: 0ms -->
          <step title="Requesting site restart. Attempt #1" date="2025-09-13T18:44:16.407" /><!-- duration: 16ms -->
          <step title="Successfully requested a restart. Attempt #1" date="2025-09-13T18:44:17.020" /><!-- duration: 16ms -->
          <step title="Successfully requested a restart. Attempt #1" date="2025-09-13T18:44:17.051" /><!-- duration: 16ms -->
          <step title="Deployment successful. DEPLOYMENTINFO: deploymentPath = OneDeploy, deployer = OneDeploy, os = windows, sku = Basic, siteName = school-booking-app, siteHostName = school-booking-app-aua0g5dye9faevev.canadacentral-01.azurewebsites.net, deploymentStatus = Success" date="2025-09-13T18:44:17.161" /><!-- duration: 0ms -->
        </step><!-- duration: 5617ms -->
      </step><!-- duration: 6551ms -->
      <step title="Cleaning up temp files" date="2025-09-13T18:44:17.520" /><!-- duration: 18ms -->
      <step title="Skip function trigger and logicapp sync because function is not enabled." date="2025-09-13T18:44:17.551" /><!-- duration: 0ms -->
    </step><!-- duration: 20524ms -->
    <step title="LockFile &apos;C:\home\site\locks\deployments.lock&apos; released" date="2025-09-13T18:44:17.661" /><!-- duration: 0ms -->
    <step title="Deleting shutdown sentinel file" date="2025-09-13T18:44:17.692" SemaphoreCount="8" /><!-- duration: 0ms -->
  </step><!-- duration: 41312ms -->
  <step title="Outgoing response" date="2025-09-13T18:44:17.774" type="response" statusCode="200" statusText="OK" Server="Microsoft-IIS/10.0" x-ms-request-id="8616c92c-90d1-11f0-8447-1e6d1fe6f485" Cache-Control="private" X-AspNet-Version="4.0.30319" /><!-- duration: 12ms -->
</step><!-- duration: 42527ms -->
