<step title="Incoming Request" date="2025-09-13T17:42:29.312" instance="8deff5" url="/api/zipdeploy?isAsync=true" method="POST" type="request" pid="6732,2,10" Cache-Control="no-cache" Content-Length="92693033" Content-Type="application/octet-stream" Accept="*/*" Accept-Encoding="gzip, deflate" Authorization="Bea..." Host="school-booking-app-aua0g5dye9faevev.scm.canadacentral-01.azurewebsites.net" User-Agent="AZURECLI/2.77.0 (HOMEBREW)" x-ms-client-request-id="00c86198-90c9-11f0-90e3-1e6d1fe6f485" X-ARR-LOG-ID="00c86198-90c9-11f0-90e3-1e6d1fe6f485" CLIENT-IP="5.162.109.55:62467" X-SITE-DEPLOYMENT-ID="school-booking-app" WAS-DEFAULT-HOSTNAME="school-booking-app-aua0g5dye9faevev.scm.canadacentral-01.azurewebsites.net" X-Forwarded-Proto="https" X-AppService-Proto="https" X-Forwarded-TlsVersion="1.3" X-WAWS-Unencoded-URL="/api/zipdeploy?isAsync=true" >
  <step title="Cleanup Xml Logs" date="2025-09-13T17:42:29.324" /><!-- duration: 16ms -->
  <step title="ZipPushDeploy" date="2025-09-13T17:42:29.355" >
    <step title="ZipDeploy. Extract zip. " date="2025-09-13T17:42:29.370" /><!-- duration: 0ms -->
    <step title="Starting PushDeployAsync" date="2025-09-13T17:42:29.386" /><!-- duration: 0ms -->
    <step title="Updating shutdown sentinel last write time" date="2025-09-13T17:42:29.402" SemaphoreCount="7" /><!-- duration: 16ms -->
    <step title="LockFile &apos;C:\home\site\locks\deployments.lock&apos; acquired" date="2025-09-13T17:42:29.417" /><!-- duration: 16ms -->
    <step title="Saving request content to C:\local\Temp\zipdeploy\z0zwyjut.zip" date="2025-09-13T17:42:29.449" >
      <step title="Writing 24,588,288 bytes to C:\local\Temp\zipdeploy\z0zwyjut.zip" date="2025-09-13T17:43:00.050" /><!-- duration: 16ms -->
      <step title="Total 92,693,033 bytes written to C:\local\Temp\zipdeploy\z0zwyjut.zip" date="2025-09-13T17:43:29.403" /><!-- duration: 16ms -->
    </step><!-- duration: 59970ms -->
    <step title="LockFile &apos;C:\home\site\locks\deployments.lock&apos; released" date="2025-09-13T17:43:29.434" /><!-- duration: 0ms -->
    <step title="Deleting shutdown sentinel file" date="2025-09-13T17:43:29.450" SemaphoreCount="8" /><!-- duration: 16ms -->
    <step title="Starting FetchDeploy" date="2025-09-13T17:43:29.481" /><!-- duration: 16ms -->
    <step title="Start deployment in the background" date="2025-09-13T17:43:29.512" /><!-- duration: 313ms -->
  </step><!-- duration: 60470ms -->
  <step title="Outgoing response" date="2025-09-13T17:43:29.840" type="response" statusCode="202" statusText="Accepted" Server="Microsoft-IIS/10.0" x-ms-request-id="00c86198-90c9-11f0-90e3-1e6d1fe6f485" Retry-After="30" Cache-Control="private" X-AspNet-Version="4.0.30319" Location="https://school-booking-app-aua0g5dye9faevev.scm.canadacentral-01.azurewebsites.net/api/deployments/latest?deployer=ZipDeploy&amp;time=2025-09-13_17-43-29Z" /><!-- duration: 33ms -->
</step><!-- duration: 60561ms -->
