{"TimeStamp":"2025-09-13T18:44:17Z","SiteName":"school-booking-app","RequestId":"8616c92c-90d1-11f0-8447-1e6d1fe6f485","Kind":"OneDeploy","Status":"Success","Details":"{\"Id\":\"2d60b427f6b9459cb0a8d0b15680eb0d\",\"Status\":4,\"StatusText\":\"\",\"AuthorEmail\":\"N/A\",\"Author\":\"N/A\",\"Message\":\"OneDeploy\",\"Progress\":\"\",\"Deployer\":\"OneDeploy\",\"ReceivedTime\":\"2025-09-13T18:44:11.2324258Z\",\"StartTime\":\"2025-09-13T18:44:11.7157961Z\",\"EndTime\":\"2025-09-13T18:44:17.2237082Z\",\"LastSuccessEndTime\":\"2025-09-13T18:44:17.2237082Z\",\"Complete\":true,\"IsTemporary\":false,\"IsReadOnly\":true,\"SiteName\":\"school-booking-app\",\"HostName\":\"school-booking-app-aua0g5dye9faevev.scm.canadacentral-01.azurewebsites.net\",\"ProjectType\":\"OneDeploy\",\"VsProjectId\":null}"}