﻿<?xml version="1.0" encoding="utf-8"?>
<deployment>
  <id>0c5e26d1b9b749f8be1d248b2dc5bb11</id>
  <author>N/A</author>
  <deployer>ZipDeploy</deployer>
  <authorEmail>N/A</authorEmail>
  <message>Created via a push deployment</message>
  <progress></progress>
  <status>Success</status>
  <statusText></statusText>
  <lastSuccessEndTime>2025-09-13T17:44:04.8200802Z</lastSuccessEndTime>
  <receivedTime>2025-09-13T17:43:41.5753411Z</receivedTime>
  <startTime>2025-09-13T17:43:41.9034674Z</startTime>
  <endTime>2025-09-13T17:44:04.8200802Z</endTime>
  <complete>True</complete>
  <is_temp>False</is_temp>
  <is_readonly>True</is_readonly>
  <project_type>BASIC</project_type>
  <vsproject_id></vsproject_id>
</deployment>